review,sentiment
"This movie was fantastic! The plot was engaging, and the characters were well developed.",positive
I didn't enjoy this movie. The storyline was predictable and boring.,negative
"The actors did a great job, and I loved the cinematography.",positive
The film was a waste of time. I wouldn’t recommend it.,negative
An amazing film with a moving story and incredible acting!,positive
It was hard to sit through this movie; the pace was so slow.,negative
"The special effects were stunning, but the story lacked depth.",negative
A beautifully crafted movie with a heartwarming message.,positive
I fell asleep halfway through; it was that dull.,negative
"A true masterpiece, it deserves all the praise!",positive
"This movie was fantastic! The plot was engaging, and the characters were well developed.",positive
I didn't enjoy this movie. The storyline was predictable and boring.,negative
"The actors did a great job, and I loved the cinematography.",positive
The film was a waste of time. I wouldn’t recommend it.,negative
An amazing film with a moving story and incredible acting!,positive
It was hard to sit through this movie; the pace was so slow.,negative
"The special effects were stunning, but the story lacked depth.",negative
A beautifully crafted movie with a heartwarming message.,positive
I fell asleep halfway through; it was that dull.,negative
"A true masterpiece, it deserves all the praise!",positive
"This movie was fantastic! The plot was engaging, and the characters were well developed.",positive
I didn't enjoy this movie. The storyline was predictable and boring.,negative
"The actors did a great job, and I loved the cinematography.",positive
The film was a waste of time. I wouldn’t recommend it.,negative
An amazing film with a moving story and incredible acting!,positive
It was hard to sit through this movie; the pace was so slow.,negative
"The special effects were stunning, but the story lacked depth.",negative
A beautifully crafted movie with a heartwarming message.,positive
I fell asleep halfway through; it was that dull.,negative
"A true masterpiece, it deserves all the praise!",positive
"This movie was fantastic! The plot was engaging, and the characters were well developed.",positive
I didn't enjoy this movie. The storyline was predictable and boring.,negative
"The actors did a great job, and I loved the cinematography.",positive
The film was a waste of time. I wouldn’t recommend it.,negative
An amazing film with a moving story and incredible acting!,positive
It was hard to sit through this movie; the pace was so slow.,negative
"The special effects were stunning, but the story lacked depth.",negative
A beautifully crafted movie with a heartwarming message.,positive
I fell asleep halfway through; it was that dull.,negative
"A true masterpiece, it deserves all the praise!",positive
"This movie was fantastic! The plot was engaging, and the characters were well developed.",positive
I didn't enjoy this movie. The storyline was predictable and boring.,negative
"The actors did a great job, and I loved the cinematography.",positive
The film was a waste of time. I wouldn’t recommend it.,negative
An amazing film with a moving story and incredible acting!,positive
It was hard to sit through this movie; the pace was so slow.,negative
"The special effects were stunning, but the story lacked depth.",negative
A beautifully crafted movie with a heartwarming message.,positive
I fell asleep halfway through; it was that dull.,negative
"A true masterpiece, it deserves all the praise!",positive
"This movie was fantastic! The plot was engaging, and the characters were well developed.",positive
I didn't enjoy this movie. The storyline was predictable and boring.,negative
"The actors did a great job, and I loved the cinematography.",positive
The film was a waste of time. I wouldn’t recommend it.,negative
An amazing film with a moving story and incredible acting!,positive
It was hard to sit through this movie; the pace was so slow.,negative
"The special effects were stunning, but the story lacked depth.",negative
A beautifully crafted movie with a heartwarming message.,positive
I fell asleep halfway through; it was that dull.,negative
"A true masterpiece, it deserves all the praise!",positive
"This movie was fantastic! The plot was engaging, and the characters were well developed.",positive
I didn't enjoy this movie. The storyline was predictable and boring.,negative
"The actors did a great job, and I loved the cinematography.",positive
The film was a waste of time. I wouldn’t recommend it.,negative
An amazing film with a moving story and incredible acting!,positive
It was hard to sit through this movie; the pace was so slow.,negative
"The special effects were stunning, but the story lacked depth.",negative
A beautifully crafted movie with a heartwarming message.,positive
I fell asleep halfway through; it was that dull.,negative
"A true masterpiece, it deserves all the praise!",positive
"This movie was fantastic! The plot was engaging, and the characters were well developed.",positive
I didn't enjoy this movie. The storyline was predictable and boring.,negative
"The actors did a great job, and I loved the cinematography.",positive
The film was a waste of time. I wouldn’t recommend it.,negative
An amazing film with a moving story and incredible acting!,positive
It was hard to sit through this movie; the pace was so slow.,negative
"The special effects were stunning, but the story lacked depth.",negative
A beautifully crafted movie with a heartwarming message.,positive
I fell asleep halfway through; it was that dull.,negative
"A true masterpiece, it deserves all the praise!",positive
"This movie was fantastic! The plot was engaging, and the characters were well developed.",positive
I didn't enjoy this movie. The storyline was predictable and boring.,negative
"The actors did a great job, and I loved the cinematography.",positive
The film was a waste of time. I wouldn’t recommend it.,negative
An amazing film with a moving story and incredible acting!,positive
It was hard to sit through this movie; the pace was so slow.,negative
"The special effects were stunning, but the story lacked depth.",negative
A beautifully crafted movie with a heartwarming message.,positive
I fell asleep halfway through; it was that dull.,negative
"A true masterpiece, it deserves all the praise!",positive
"This movie was fantastic! The plot was engaging, and the characters were well developed.",positive
I didn't enjoy this movie. The storyline was predictable and boring.,negative
"The actors did a great job, and I loved the cinematography.",positive
The film was a waste of time. I wouldn’t recommend it.,negative
An amazing film with a moving story and incredible acting!,positive
It was hard to sit through this movie; the pace was so slow.,negative
"The special effects were stunning, but the story lacked depth.",negative
A beautifully crafted movie with a heartwarming message.,positive
I fell asleep halfway through; it was that dull.,negative
"A true masterpiece, it deserves all the praise!",positive
"This movie was fantastic! The plot was engaging, and the characters were well developed.",positive
I didn't enjoy this movie. The storyline was predictable and boring.,negative
"The actors did a great job, and I loved the cinematography.",positive
The film was a waste of time. I wouldn’t recommend it.,negative
An amazing film with a moving story and incredible acting!,positive
It was hard to sit through this movie; the pace was so slow.,negative
"The special effects were stunning, but the story lacked depth.",negative
A beautifully crafted movie with a heartwarming message.,positive
I fell asleep halfway through; it was that dull.,negative
"A true masterpiece, it deserves all the praise!",positive
"This movie was fantastic! The plot was engaging, and the characters were well developed.",positive
I didn't enjoy this movie. The storyline was predictable and boring.,negative
"The actors did a great job, and I loved the cinematography.",positive
The film was a waste of time. I wouldn’t recommend it.,negative
An amazing film with a moving story and incredible acting!,positive
It was hard to sit through this movie; the pace was so slow.,negative
"The special effects were stunning, but the story lacked depth.",negative
A beautifully crafted movie with a heartwarming message.,positive
I fell asleep halfway through; it was that dull.,negative
"A true masterpiece, it deserves all the praise!",positive
"This movie was fantastic! The plot was engaging, and the characters were well developed.",positive
I didn't enjoy this movie. The storyline was predictable and boring.,negative
"The actors did a great job, and I loved the cinematography.",positive
The film was a waste of time. I wouldn’t recommend it.,negative
An amazing film with a moving story and incredible acting!,positive
It was hard to sit through this movie; the pace was so slow.,negative
"The special effects were stunning, but the story lacked depth.",negative
A beautifully crafted movie with a heartwarming message.,positive
I fell asleep halfway through; it was that dull.,negative
"A true masterpiece, it deserves all the praise!",positive
"This movie was fantastic! The plot was engaging, and the characters were well developed.",positive
I didn't enjoy this movie. The storyline was predictable and boring.,negative
"The actors did a great job, and I loved the cinematography.",positive
The film was a waste of time. I wouldn’t recommend it.,negative
An amazing film with a moving story and incredible acting!,positive
It was hard to sit through this movie; the pace was so slow.,negative
"The special effects were stunning, but the story lacked depth.",negative
A beautifully crafted movie with a heartwarming message.,positive
I fell asleep halfway through; it was that dull.,negative
"A true masterpiece, it deserves all the praise!",positive
"This movie was fantastic! The plot was engaging, and the characters were well developed.",positive
I didn't enjoy this movie. The storyline was predictable and boring.,negative
"The actors did a great job, and I loved the cinematography.",positive
The film was a waste of time. I wouldn’t recommend it.,negative
An amazing film with a moving story and incredible acting!,positive
It was hard to sit through this movie; the pace was so slow.,negative
"The special effects were stunning, but the story lacked depth.",negative
A beautifully crafted movie with a heartwarming message.,positive
I fell asleep halfway through; it was that dull.,negative
"A true masterpiece, it deserves all the praise!",positive
"This movie was fantastic! The plot was engaging, and the characters were well developed.",positive
I didn't enjoy this movie. The storyline was predictable and boring.,negative
"The actors did a great job, and I loved the cinematography.",positive
The film was a waste of time. I wouldn’t recommend it.,negative
An amazing film with a moving story and incredible acting!,positive
It was hard to sit through this movie; the pace was so slow.,negative
"The special effects were stunning, but the story lacked depth.",negative
A beautifully crafted movie with a heartwarming message.,positive
I fell asleep halfway through; it was that dull.,negative
"A true masterpiece, it deserves all the praise!",positive
"This movie was fantastic! The plot was engaging, and the characters were well developed.",positive
I didn't enjoy this movie. The storyline was predictable and boring.,negative
"The actors did a great job, and I loved the cinematography.",positive
The film was a waste of time. I wouldn’t recommend it.,negative
An amazing film with a moving story and incredible acting!,positive
It was hard to sit through this movie; the pace was so slow.,negative
"The special effects were stunning, but the story lacked depth.",negative
A beautifully crafted movie with a heartwarming message.,positive
I fell asleep halfway through; it was that dull.,negative
"A true masterpiece, it deserves all the praise!",positive
"This movie was fantastic! The plot was engaging, and the characters were well developed.",positive
I didn't enjoy this movie. The storyline was predictable and boring.,negative
"The actors did a great job, and I loved the cinematography.",positive
The film was a waste of time. I wouldn’t recommend it.,negative
An amazing film with a moving story and incredible acting!,positive
It was hard to sit through this movie; the pace was so slow.,negative
"The special effects were stunning, but the story lacked depth.",negative
A beautifully crafted movie with a heartwarming message.,positive
I fell asleep halfway through; it was that dull.,negative
"A true masterpiece, it deserves all the praise!",positive
"This movie was fantastic! The plot was engaging, and the characters were well developed.",positive
I didn't enjoy this movie. The storyline was predictable and boring.,negative
"The actors did a great job, and I loved the cinematography.",positive
The film was a waste of time. I wouldn’t recommend it.,negative
An amazing film with a moving story and incredible acting!,positive
It was hard to sit through this movie; the pace was so slow.,negative
"The special effects were stunning, but the story lacked depth.",negative
A beautifully crafted movie with a heartwarming message.,positive
I fell asleep halfway through; it was that dull.,negative
"A true masterpiece, it deserves all the praise!",positive
"This movie was fantastic! The plot was engaging, and the characters were well developed.",positive
I didn't enjoy this movie. The storyline was predictable and boring.,negative
"The actors did a great job, and I loved the cinematography.",positive
The film was a waste of time. I wouldn’t recommend it.,negative
An amazing film with a moving story and incredible acting!,positive
It was hard to sit through this movie; the pace was so slow.,negative
"The special effects were stunning, but the story lacked depth.",negative
A beautifully crafted movie with a heartwarming message.,positive
I fell asleep halfway through; it was that dull.,negative
"A true masterpiece, it deserves all the praise!",positive
